rows\cols,real estate,life insurance,no known property,car
bad,0.20085470085470086,0.2264957264957265,0.23076923076923078,0.3418803418803419
good,0.31802120141342755,0.22791519434628976,0.11837455830388692,0.33568904593639576
