rows\cols,rent,own,for free
bad|real estate,0.2553191489361702,0.723404255319149,0.02127659574468085
bad|life insurance,0.22641509433962265,0.7547169811320755,0.018867924528301886
bad|no known property,0.14814814814814814,0.2222222222222222,0.6296296296296297
bad|car,0.2625,0.7375,0.0
good|real estate,0.18333333333333332,0.8166666666666667,0.0
good|life insurance,0.21705426356589147,0.7751937984496124,0.007751937984496124
good|no known property,0.11940298507462686,0.1791044776119403,0.7014925373134329
good|car,0.14210526315789473,0.8526315789473684,0.005263157894736842
