rows\cols,critical/other existing credit,delayed previously,existing paid,no credits/all paid,all paid
bad|yes,0.16470588235294117,0.1411764705882353,0.5058823529411764,0.09411764705882353,0.09411764705882353
bad|none,0.15436241610738255,0.06040268456375839,0.6241610738255033,0.0738255033557047,0.087248322147651
good|yes,0.3547008547008547,0.0811965811965812,0.5256410256410257,0.01282051282051282,0.02564102564102564
good|none,0.3253012048192771,0.07530120481927711,0.5331325301204819,0.030120481927710843,0.03614457831325301
