rows\cols,male div/sep,male mar/wid,male single,female div/dep/mar
bad|rent,0.09433962264150944,0.05660377358490566,0.2641509433962264,0.5849056603773585
bad|own,0.07586206896551724,0.11724137931034483,0.4689655172413793,0.33793103448275863
bad|for free,0.0,0.0,0.8055555555555556,0.19444444444444445
good|rent,0.0,0.15625,0.3125,0.53125
good|own,0.047505938242280284,0.0855106888361045,0.6104513064133017,0.25653206650831356
good|for free,0.02040816326530612,0.02040816326530612,0.8163265306122449,0.14285714285714285
