rows\cols,yes,none
bad|high qualif/self emp/mgmt,0.8333333333333334,0.16666666666666666
bad|skilled,0.2907801418439716,0.7092198581560284
bad|unskilled resident,0.17777777777777778,0.8222222222222222
bad|unemp/unskilled non res,0.16666666666666666,0.8333333333333334
good|high qualif/self emp/mgmt,0.8625,0.1375
good|skilled,0.39669421487603307,0.6033057851239669
good|unskilled resident,0.15315315315315314,0.8468468468468469
good|unemp/unskilled non res,0.3333333333333333,0.6666666666666666
