rows\cols,high qualif/self emp/mgmt,skilled,unskilled resident,unemp/unskilled non res
bad|real estate,0.0851063829787234,0.5531914893617021,0.3191489361702128,0.0425531914893617
bad|life insurance,0.11320754716981132,0.6981132075471698,0.16981132075471697,0.018867924528301886
bad|no known property,0.3333333333333333,0.5,0.12962962962962962,0.037037037037037035
bad|car,0.175,0.6375,0.175,0.0125
good|real estate,0.05555555555555555,0.5833333333333334,0.3388888888888889,0.022222222222222223
good|life insurance,0.10852713178294573,0.627906976744186,0.24806201550387597,0.015503875968992248
good|no known property,0.3283582089552239,0.582089552238806,0.029850746268656716,0.05970149253731343
good|car,0.17894736842105263,0.7263157894736842,0.08421052631578947,0.010526315789473684
