rows\cols,furniture/equipment,repairs,new car,radio/tv,business,other,used car,education
bad|rent,0.32075471698113206,0.018867924528301886,0.22641509433962265,0.1509433962264151,0.16981132075471697,0.018867924528301886,0.05660377358490566,0.03773584905660377
bad|own,0.21379310344827587,0.027586206896551724,0.31724137931034485,0.2482758620689655,0.0896551724137931,0.034482758620689655,0.020689655172413793,0.04827586206896552
bad|for free,0.08333333333333333,0.05555555555555555,0.3055555555555556,0.08333333333333333,0.08333333333333333,0.027777777777777776,0.25,0.1111111111111111
good|rent,0.2708333333333333,0.010416666666666666,0.19791666666666666,0.23958333333333334,0.041666666666666664,0.010416666666666666,0.16666666666666666,0.0625
good|own,0.17339667458432304,0.023752969121140142,0.20902612826603326,0.3182897862232779,0.10451306413301663,0.040380047505938245,0.0997624703087886,0.030878859857482184
good|for free,0.12244897959183673,0.02040816326530612,0.22448979591836735,0.14285714285714285,0.04081632653061224,0.04081632653061224,0.2857142857142857,0.12244897959183673
