rows\cols,1<=X<4,>=7,<1,4<=X<7,unemployed
bad|high qualif/self emp/mgmt,0.21428571428571427,0.40476190476190477,0.11904761904761904,0.047619047619047616,0.21428571428571427
bad|skilled,0.40425531914893614,0.18439716312056736,0.2127659574468085,0.16312056737588654,0.03546099290780142
bad|unskilled resident,0.4222222222222222,0.13333333333333333,0.3333333333333333,0.1111111111111111,0.0
bad|unemp/unskilled non res,0.0,0.0,0.16666666666666666,0.0,0.8333333333333334
good|high qualif/self emp/mgmt,0.1625,0.3625,0.1,0.2,0.175
good|skilled,0.349862258953168,0.2892561983471074,0.15151515151515152,0.1928374655647383,0.01652892561983471
good|unskilled resident,0.3783783783783784,0.21621621621621623,0.17117117117117117,0.22522522522522523,0.009009009009009009
good|unemp/unskilled non res,0.0,0.0,0.25,0.0,0.75
